[{"id":"556296831370@s.whatsapp.net","contador":80},{"id":"5522988420094@s.whatsapp.net","contador":135},{"id":"557388522426@s.whatsapp.net","contador":54},{"id":"557588911481@s.whatsapp.net","contador":22},{"id":"555584563483@s.whatsapp.net","contador":22},{"id":"557388465983@s.whatsapp.net","contador":40},{"id":"559481556606@s.whatsapp.net","contador":89},{"id":"553171165193@s.whatsapp.net","contador":23},{"id":"5519999399085@s.whatsapp.net","contador":14},{"id":"558296754795@s.whatsapp.net","contador":13},{"id":"553195966268@s.whatsapp.net","contador":2},{"id":"556799940958@s.whatsapp.net","contador":7},{"id":"558681567108@s.whatsapp.net","contador":5},{"id":"5516988268276@s.whatsapp.net","contador":78},{"id":"558881060370@s.whatsapp.net","contador":37},{"id":"554188200033@s.whatsapp.net","contador":10},{"id":"559295235405@s.whatsapp.net","contador":8},{"id":"558893542423@s.whatsapp.net","contador":4},{"id":"558699216117@s.whatsapp.net","contador":28},{"id":"558894500414@s.whatsapp.net","contador":5},{"id":"554896504813@s.whatsapp.net","contador":3},{"id":"557792102549@s.whatsapp.net","contador":6},{"id":"5518996639674@s.whatsapp.net","contador":23},{"id":"559885366186@s.whatsapp.net","contador":4},{"id":"554784733081@s.whatsapp.net","contador":1},{"id":"553898310769@s.whatsapp.net","contador":14},{"id":"556392086557@s.whatsapp.net","contador":4},{"id":"557781197938@s.whatsapp.net","contador":14},{"id":"557193313164@s.whatsapp.net","contador":81},{"id":"17342366302@s.whatsapp.net","contador":1},{"id":"559991451645@s.whatsapp.net","contador":1},{"id":"559888587162@s.whatsapp.net","contador":18},{"id":"554688028404@s.whatsapp.net","contador":5},{"id":"556993180478@s.whatsapp.net","contador":21},{"id":"558387950949@s.whatsapp.net","contador":11},{"id":"559293683477@s.whatsapp.net","contador":15},{"id":"554196704288@s.whatsapp.net","contador":88},{"id":"557388373249@s.whatsapp.net","contador":22},{"id":"553398251756@s.whatsapp.net","contador":26},{"id":"557781553456@s.whatsapp.net","contador":20},{"id":"557388717109@s.whatsapp.net","contador":5},{"id":"994408242059@s.whatsapp.net","contador":11},{"id":"558788514621@s.whatsapp.net","contador":15},{"id":"5522997007837@s.whatsapp.net","contador":2},{"id":"555180280239@s.whatsapp.net","contador":18},{"id":"5522997850667@s.whatsapp.net","contador":2},{"id":"557398090183@s.whatsapp.net","contador":10},{"id":"5515996923727@s.whatsapp.net","contador":1},{"id":"557381707651@s.whatsapp.net","contador":39},{"id":"5524992988183@s.whatsapp.net","contador":6},{"id":"558893823551@s.whatsapp.net","contador":4},{"id":"5511910695781@s.whatsapp.net","contador":2},{"id":"5514996541467@s.whatsapp.net","contador":4},{"id":"556181702853@s.whatsapp.net","contador":4},{"id":"556293083980@s.whatsapp.net","contador":5},{"id":"5521984756374@s.whatsapp.net","contador":1},{"id":"5516997513457@s.whatsapp.net","contador":9},{"id":"558184675408@s.whatsapp.net","contador":10},{"id":"5522988598294@s.whatsapp.net","contador":2},{"id":"559193228653@s.whatsapp.net","contador":1},{"id":"14506003208@s.whatsapp.net","contador":1},{"id":"5517982170123@s.whatsapp.net","contador":1}]