[{"id":"556296831370@s.whatsapp.net","limit":-29767},{"id":"557781553456@s.whatsapp.net","limit":0},{"id":"554196704288@s.whatsapp.net","limit":-139},{"id":"556181702853@s.whatsapp.net","limit":0},{"id":"558897989616@s.whatsapp.net","limit":0},{"id":"5511971138948@s.whatsapp.net","limit":-9},{"id":"556584292024@s.whatsapp.net","limit":-8},{"id":"553171165193@s.whatsapp.net","limit":2},{"id":"5522988420094@s.whatsapp.net","limit":-606},{"id":"5521982823680@s.whatsapp.net","limit":10},{"id":"559492299691@s.whatsapp.net","limit":-2},{"id":"5519999924745@s.whatsapp.net","limit":7},{"id":"555584563483@s.whatsapp.net","limit":1},{"id":"559391292602@s.whatsapp.net","limit":0},{"id":"558798080111@s.whatsapp.net","limit":2},{"id":"5519996499361@s.whatsapp.net","limit":10},{"id":"558585451590@s.whatsapp.net","limit":1},{"id":"558695915019@s.whatsapp.net","limit":8},{"id":"13656524571@s.whatsapp.net","limit":1},{"id":"555193689548@s.whatsapp.net","limit":10},{"id":"5519991023400@s.whatsapp.net","limit":7},{"id":"19546945807@s.whatsapp.net","limit":9},{"id":"12048174591@s.whatsapp.net","limit":-53},{"id":"5524992988183@s.whatsapp.net","limit":7},{"id":"5519999399085@s.whatsapp.net","limit":-163},{"id":"554899030054@s.whatsapp.net","limit":10},{"id":"557781197938@s.whatsapp.net","limit":10},{"id":"5511960695153@s.whatsapp.net","limit":4},{"id":"555191830336@s.whatsapp.net","limit":4},{"id":"5511945189769@s.whatsapp.net","limit":-9},{"id":"558899927413@s.whatsapp.net","limit":7},{"id":"5521992561704@s.whatsapp.net","limit":-43},{"id":"558893823551@s.whatsapp.net","limit":7},{"id":"558894500414@s.whatsapp.net","limit":-55},{"id":"558681567108@s.whatsapp.net","limit":10},{"id":"5521987265147@s.whatsapp.net","limit":1},{"id":"558881274876@s.whatsapp.net","limit":10},{"id":"5511959765590@s.whatsapp.net","limit":-105},{"id":"559884296694@s.whatsapp.net","limit":4},{"id":"559294084789@s.whatsapp.net","limit":10},{"id":"5511957361769@s.whatsapp.net","limit":2},{"id":"558387950949@s.whatsapp.net","limit":2},{"id":"18655074834@s.whatsapp.net","limit":9},{"id":"554195642982@s.whatsapp.net","limit":-30},{"id":"5511961976842@s.whatsapp.net","limit":3},{"id":"557581737811@s.whatsapp.net","limit":-2},{"id":"557182039180@s.whatsapp.net","limit":-17},{"id":"554396038514@s.whatsapp.net","limit":-12},{"id":"554998335972@s.whatsapp.net","limit":2},{"id":"557996019550@s.whatsapp.net","limit":-4},{"id":"558494763781@s.whatsapp.net","limit":3},{"id":"5522988188894@s.whatsapp.net","limit":10},{"id":"5511959238669@s.whatsapp.net","limit":6},{"id":"5511958498854@s.whatsapp.net","limit":1},{"id":"559481556606@s.whatsapp.net","limit":-74},{"id":"18313871670@s.whatsapp.net","limit":4},{"id":"5522992283831@s.whatsapp.net","limit":-15},{"id":"558193913803@s.whatsapp.net","limit":-9},{"id":"556993180478@s.whatsapp.net","limit":-24},{"id":"555491191331@s.whatsapp.net","limit":6},{"id":"5511958792276@s.whatsapp.net","limit":0},{"id":"558688549681@s.whatsapp.net","limit":-1},{"id":"5511967403202@s.whatsapp.net","limit":6},{"id":"559193228653@s.whatsapp.net","limit":3},{"id":"5511944839860@s.whatsapp.net","limit":0},{"id":"559885101540@s.whatsapp.net","limit":0},{"id":"5521966126422@s.whatsapp.net","limit":10},{"id":"5517982170123@s.whatsapp.net","limit":0},{"id":"559293422095@s.whatsapp.net","limit":10},{"id":"994409372267@s.whatsapp.net","limit":10},{"id":"5515998591364@s.whatsapp.net","limit":9},{"id":"5513981685606@s.whatsapp.net","limit":9},{"id":"13019239728@s.whatsapp.net","limit":10},{"id":"553173028280@s.whatsapp.net","limit":3},{"id":"559293683477@s.whatsapp.net","limit":9},{"id":"556392648438@s.whatsapp.net","limit":-2},{"id":"5511934986400@s.whatsapp.net","limit":-2},{"id":"559791523063@s.whatsapp.net","limit":4},{"id":"557388524162@s.whatsapp.net","limit":9},{"id":"555180458825@s.whatsapp.net","limit":0},{"id":"556293083980@s.whatsapp.net","limit":-122},{"id":"556798335375@s.whatsapp.net","limit":4},{"id":"553171019547@s.whatsapp.net","limit":0},{"id":"557398718085@s.whatsapp.net","limit":0},{"id":"351964605238@s.whatsapp.net","limit":0},{"id":"553399320532@s.whatsapp.net","limit":0},{"id":"553197891652@s.whatsapp.net","limit":3},{"id":"351967389241@s.whatsapp.net","limit":0},{"id":"5511965843722@s.whatsapp.net","limit":0},{"id":"555193031333@s.whatsapp.net","limit":7},{"id":"5524981758670@s.whatsapp.net","limit":1},{"id":"5511989230621@s.whatsapp.net","limit":6},{"id":"557388926035@s.whatsapp.net","limit":5},{"id":"553186166404@s.whatsapp.net","limit":-2},{"id":"5513992047945@s.whatsapp.net","limit":8},{"id":"556592434596@s.whatsapp.net","limit":1},{"id":"554291440723@s.whatsapp.net","limit":10},{"id":"554999246886@s.whatsapp.net","limit":10},{"id":"13344904520@s.whatsapp.net","limit":2},{"id":"559981156020@s.whatsapp.net","limit":-15},{"id":"14134366273@s.whatsapp.net","limit":5},{"id":"5511995879886@s.whatsapp.net","limit":7},{"id":"557599207845@s.whatsapp.net","limit":-29},{"id":"555596090152@s.whatsapp.net","limit":-3},{"id":"557399111370@s.whatsapp.net","limit":0},{"id":"5516988268276@s.whatsapp.net","limit":-78},{"id":"5511977730980@s.whatsapp.net","limit":3},{"id":"5511977170442@s.whatsapp.net","limit":-2},{"id":"17192843660@s.whatsapp.net","limit":0},{"id":"994409291549@s.whatsapp.net","limit":0},{"id":"554192451391@s.whatsapp.net","limit":2},{"id":"558181826477@s.whatsapp.net","limit":-2},{"id":"556195103439@s.whatsapp.net","limit":0},{"id":"13606488942@s.whatsapp.net","limit":-2},{"id":"555194605069@s.whatsapp.net","limit":-39},{"id":"553184853420@s.whatsapp.net","limit":0},{"id":"559988566908@s.whatsapp.net","limit":0},{"id":"15136478789@s.whatsapp.net","limit":-36},{"id":"5516993090775@s.whatsapp.net","limit":-4},{"id":"553182346788@s.whatsapp.net","limit":-4},{"id":"554792055828@s.whatsapp.net","limit":4},{"id":"5511985132792@s.whatsapp.net","limit":10},{"id":"557398090183@s.whatsapp.net","limit":-3},{"id":"553388978020@s.whatsapp.net","limit":0},{"id":"557388717109@s.whatsapp.net","limit":9},{"id":"558688259735@s.whatsapp.net","limit":1},{"id":"553398251756@s.whatsapp.net","limit":-24},{"id":"559391510299@s.whatsapp.net","limit":4},{"id":"557381707651@s.whatsapp.net","limit":7},{"id":"554799348500@s.whatsapp.net","limit":0},{"id":"558893282787@s.whatsapp.net","limit":-11},{"id":"553197583720@s.whatsapp.net","limit":-24},{"id":"5521980713263@s.whatsapp.net","limit":10},{"id":"559982763747@s.whatsapp.net","limit":0},{"id":"556185116646@s.whatsapp.net","limit":9},{"id":"556292435095@s.whatsapp.net","limit":0},{"id":"553898188346@s.whatsapp.net","limit":10},{"id":"553193824046@s.whatsapp.net","limit":6},{"id":"5511952352190@s.whatsapp.net","limit":0},{"id":"558293508844@s.whatsapp.net","limit":4},{"id":"5511959226785@s.whatsapp.net","limit":0},{"id":"5513991980141@s.whatsapp.net","limit":0},{"id":"557388373249@s.whatsapp.net","limit":-9},{"id":"553197905242@s.whatsapp.net","limit":-15},{"id":"15303498430@s.whatsapp.net","limit":10},{"id":"5524999797352@s.whatsapp.net","limit":-6},{"id":"557998920334@s.whatsapp.net","limit":6},{"id":"5514981134285@s.whatsapp.net","limit":9},{"id":"557399842154@s.whatsapp.net","limit":8},{"id":"5516993152234@s.whatsapp.net","limit":-4},{"id":"5522988598294@s.whatsapp.net","limit":3},{"id":"553798457866@s.whatsapp.net","limit":0},{"id":"5511970515139@s.whatsapp.net","limit":5},{"id":"16162012859@s.whatsapp.net","limit":-2},{"id":"5511961683462@s.whatsapp.net","limit":5},{"id":"556291589591@s.whatsapp.net","limit":1},{"id":"553798560578@s.whatsapp.net","limit":10},{"id":"557588066539@s.whatsapp.net","limit":9},{"id":"558597182455@s.whatsapp.net","limit":-1},{"id":"556191039093@s.whatsapp.net","limit":8},{"id":"558681801388@s.whatsapp.net","limit":10},{"id":"5513981569005@s.whatsapp.net","limit":4},{"id":"558892436707@s.whatsapp.net","limit":1},{"id":"554898151236@s.whatsapp.net","limit":10},{"id":"258820066915@s.whatsapp.net","limit":4},{"id":"5512988122640@s.whatsapp.net","limit":5},{"id":"553398374307@s.whatsapp.net","limit":10},{"id":"558193999191@s.whatsapp.net","limit":0},{"id":"559285188278@s.whatsapp.net","limit":3},{"id":"556981456419@s.whatsapp.net","limit":0},{"id":"554491838596@s.whatsapp.net","limit":-1},{"id":"559984750811@s.whatsapp.net","limit":-2},{"id":"5513982058834@s.whatsapp.net","limit":0},{"id":"557388465983@s.whatsapp.net","limit":-39},{"id":"559888596274@s.whatsapp.net","limit":2},{"id":"5519971645477@s.whatsapp.net","limit":0},{"id":"555491229582@s.whatsapp.net","limit":1},{"id":"13342037961@s.whatsapp.net","limit":0},{"id":"553598836310@s.whatsapp.net","limit":0},{"id":"5521985781564@s.whatsapp.net","limit":4},{"id":"557588911481@s.whatsapp.net","limit":-6},{"id":"554498821307@s.whatsapp.net","limit":1},{"id":"5518996190606@s.whatsapp.net","limit":0},{"id":"556196144847@s.whatsapp.net","limit":0},{"id":"14347717925@s.whatsapp.net","limit":10},{"id":"5521981649093@s.whatsapp.net","limit":2},{"id":"555180280239@s.whatsapp.net","limit":-4},{"id":"558586744730@s.whatsapp.net","limit":0},{"id":"557792102549@s.whatsapp.net","limit":-12},{"id":"554896504813@s.whatsapp.net","limit":0},{"id":"5511930550021@s.whatsapp.net","limit":-19},{"id":"558288928410@s.whatsapp.net","limit":0},{"id":"554899131579@s.whatsapp.net","limit":6},{"id":"559874002682@s.whatsapp.net","limit":0},{"id":"557186966643@s.whatsapp.net","limit":0},{"id":"558598482018@s.whatsapp.net","limit":-1},{"id":"553499218249@s.whatsapp.net","limit":0},{"id":"555195816197@s.whatsapp.net","limit":4},{"id":"994404832458@s.whatsapp.net","limit":0},{"id":"559391898699@s.whatsapp.net","limit":1},{"id":"15135067371@s.whatsapp.net","limit":5},{"id":"558184675408@s.whatsapp.net","limit":-6},{"id":"554199866699@s.whatsapp.net","limit":0},{"id":"557193313164@s.whatsapp.net","limit":6},{"id":"558994181574@s.whatsapp.net","limit":1},{"id":"5521965436490@s.whatsapp.net","limit":0},{"id":"559294351740@s.whatsapp.net","limit":5},{"id":"244935855599@s.whatsapp.net","limit":0},{"id":"556999397365@s.whatsapp.net","limit":0},{"id":"556481111595@s.whatsapp.net","limit":3},{"id":"5518996281457@s.whatsapp.net","limit":1},{"id":"557388522426@s.whatsapp.net","limit":-80},{"id":"558296754795@s.whatsapp.net","limit":-1},{"id":"559189359677@s.whatsapp.net","limit":-2},{"id":"559491269329@s.whatsapp.net","limit":1},{"id":"447745171635@s.whatsapp.net","limit":0},{"id":"559886025612@s.whatsapp.net","limit":-1},{"id":"994408242059@s.whatsapp.net","limit":2},{"id":"5516997513457@s.whatsapp.net","limit":-8},{"id":"5518996639674@s.whatsapp.net","limit":-40},{"id":"553898310769@s.whatsapp.net","limit":1}]