[{"id":"556296831370@s.whatsapp.net","limit":1868},{"id":"557781553456@s.whatsapp.net","limit":-1},{"id":"554196704288@s.whatsapp.net","limit":-2},{"id":"556181702853@s.whatsapp.net","limit":10},{"id":"558897989616@s.whatsapp.net","limit":8},{"id":"5511971138948@s.whatsapp.net","limit":-4},{"id":"556584292024@s.whatsapp.net","limit":-8},{"id":"553171165193@s.whatsapp.net","limit":10},{"id":"5522988420094@s.whatsapp.net","limit":10},{"id":"5521982823680@s.whatsapp.net","limit":7},{"id":"559492299691@s.whatsapp.net","limit":-2},{"id":"5519999924745@s.whatsapp.net","limit":7},{"id":"555584563483@s.whatsapp.net","limit":10},{"id":"559391292602@s.whatsapp.net","limit":0},{"id":"558798080111@s.whatsapp.net","limit":2},{"id":"5519996499361@s.whatsapp.net","limit":8},{"id":"558585451590@s.whatsapp.net","limit":1},{"id":"558695915019@s.whatsapp.net","limit":1},{"id":"13656524571@s.whatsapp.net","limit":1},{"id":"555193689548@s.whatsapp.net","limit":10},{"id":"5519991023400@s.whatsapp.net","limit":6},{"id":"19546945807@s.whatsapp.net","limit":-11},{"id":"12048174591@s.whatsapp.net","limit":8},{"id":"5524992988183@s.whatsapp.net","limit":-2},{"id":"5519999399085@s.whatsapp.net","limit":10},{"id":"554899030054@s.whatsapp.net","limit":10},{"id":"557781197938@s.whatsapp.net","limit":-3},{"id":"5511960695153@s.whatsapp.net","limit":4},{"id":"555191830336@s.whatsapp.net","limit":10},{"id":"5511945189769@s.whatsapp.net","limit":-9},{"id":"558899927413@s.whatsapp.net","limit":6},{"id":"5521992561704@s.whatsapp.net","limit":-15},{"id":"558893823551@s.whatsapp.net","limit":-17},{"id":"558894500414@s.whatsapp.net","limit":-27},{"id":"558681567108@s.whatsapp.net","limit":10},{"id":"5521987265147@s.whatsapp.net","limit":2},{"id":"558881274876@s.whatsapp.net","limit":10},{"id":"5511959765590@s.whatsapp.net","limit":10},{"id":"559884296694@s.whatsapp.net","limit":4},{"id":"559294084789@s.whatsapp.net","limit":10},{"id":"5511957361769@s.whatsapp.net","limit":2},{"id":"558387950949@s.whatsapp.net","limit":7},{"id":"18655074834@s.whatsapp.net","limit":9},{"id":"554195642982@s.whatsapp.net","limit":-30},{"id":"5511961976842@s.whatsapp.net","limit":3},{"id":"557581737811@s.whatsapp.net","limit":0},{"id":"557182039180@s.whatsapp.net","limit":-17},{"id":"554396038514@s.whatsapp.net","limit":-5},{"id":"554998335972@s.whatsapp.net","limit":2},{"id":"557996019550@s.whatsapp.net","limit":0},{"id":"558494763781@s.whatsapp.net","limit":3},{"id":"5522988188894@s.whatsapp.net","limit":10},{"id":"5511959238669@s.whatsapp.net","limit":8},{"id":"5511958498854@s.whatsapp.net","limit":0},{"id":"559481556606@s.whatsapp.net","limit":-19},{"id":"18313871670@s.whatsapp.net","limit":4},{"id":"5522992283831@s.whatsapp.net","limit":-26},{"id":"558193913803@s.whatsapp.net","limit":-9},{"id":"556993180478@s.whatsapp.net","limit":-16},{"id":"555491191331@s.whatsapp.net","limit":-7},{"id":"5511958792276@s.whatsapp.net","limit":0},{"id":"558688549681@s.whatsapp.net","limit":-1},{"id":"5511967403202@s.whatsapp.net","limit":5},{"id":"559193228653@s.whatsapp.net","limit":5},{"id":"5511944839860@s.whatsapp.net","limit":0},{"id":"559885101540@s.whatsapp.net","limit":0},{"id":"5521966126422@s.whatsapp.net","limit":8},{"id":"5517982170123@s.whatsapp.net","limit":0},{"id":"559293422095@s.whatsapp.net","limit":9},{"id":"994409372267@s.whatsapp.net","limit":10},{"id":"5515998591364@s.whatsapp.net","limit":-3},{"id":"5513981685606@s.whatsapp.net","limit":10},{"id":"13019239728@s.whatsapp.net","limit":10},{"id":"553173028280@s.whatsapp.net","limit":3},{"id":"559293683477@s.whatsapp.net","limit":2},{"id":"556392648438@s.whatsapp.net","limit":0},{"id":"5511934986400@s.whatsapp.net","limit":-1},{"id":"559791523063@s.whatsapp.net","limit":4},{"id":"557388524162@s.whatsapp.net","limit":10},{"id":"555180458825@s.whatsapp.net","limit":0},{"id":"556293083980@s.whatsapp.net","limit":1},{"id":"556798335375@s.whatsapp.net","limit":-1},{"id":"553171019547@s.whatsapp.net","limit":0},{"id":"557398718085@s.whatsapp.net","limit":0},{"id":"351964605238@s.whatsapp.net","limit":0},{"id":"553399320532@s.whatsapp.net","limit":0},{"id":"553197891652@s.whatsapp.net","limit":3},{"id":"351967389241@s.whatsapp.net","limit":0},{"id":"5511965843722@s.whatsapp.net","limit":0},{"id":"555193031333@s.whatsapp.net","limit":7},{"id":"5524981758670@s.whatsapp.net","limit":1},{"id":"5511989230621@s.whatsapp.net","limit":6},{"id":"557388926035@s.whatsapp.net","limit":10},{"id":"553186166404@s.whatsapp.net","limit":-2},{"id":"5513992047945@s.whatsapp.net","limit":1},{"id":"556592434596@s.whatsapp.net","limit":1},{"id":"554291440723@s.whatsapp.net","limit":10},{"id":"554999246886@s.whatsapp.net","limit":10},{"id":"13344904520@s.whatsapp.net","limit":-3},{"id":"559981156020@s.whatsapp.net","limit":-1},{"id":"14134366273@s.whatsapp.net","limit":5},{"id":"5511995879886@s.whatsapp.net","limit":6},{"id":"557599207845@s.whatsapp.net","limit":4},{"id":"555596090152@s.whatsapp.net","limit":1},{"id":"557399111370@s.whatsapp.net","limit":0},{"id":"5516988268276@s.whatsapp.net","limit":8},{"id":"5511977730980@s.whatsapp.net","limit":3},{"id":"5511977170442@s.whatsapp.net","limit":-2},{"id":"17192843660@s.whatsapp.net","limit":0},{"id":"994409291549@s.whatsapp.net","limit":0},{"id":"554192451391@s.whatsapp.net","limit":2},{"id":"558181826477@s.whatsapp.net","limit":2},{"id":"556195103439@s.whatsapp.net","limit":0},{"id":"13606488942@s.whatsapp.net","limit":0},{"id":"555194605069@s.whatsapp.net","limit":9},{"id":"553184853420@s.whatsapp.net","limit":0},{"id":"559988566908@s.whatsapp.net","limit":0},{"id":"15136478789@s.whatsapp.net","limit":-23},{"id":"5516993090775@s.whatsapp.net","limit":0},{"id":"553182346788@s.whatsapp.net","limit":-5},{"id":"554792055828@s.whatsapp.net","limit":4},{"id":"5511985132792@s.whatsapp.net","limit":3},{"id":"557398090183@s.whatsapp.net","limit":10},{"id":"553388978020@s.whatsapp.net","limit":0},{"id":"557388717109@s.whatsapp.net","limit":5},{"id":"558688259735@s.whatsapp.net","limit":0},{"id":"553398251756@s.whatsapp.net","limit":0},{"id":"559391510299@s.whatsapp.net","limit":4},{"id":"557381707651@s.whatsapp.net","limit":0},{"id":"554799348500@s.whatsapp.net","limit":0},{"id":"558893282787@s.whatsapp.net","limit":1},{"id":"553197583720@s.whatsapp.net","limit":0},{"id":"5521980713263@s.whatsapp.net","limit":10},{"id":"559982763747@s.whatsapp.net","limit":0},{"id":"556185116646@s.whatsapp.net","limit":10},{"id":"556292435095@s.whatsapp.net","limit":1},{"id":"553898188346@s.whatsapp.net","limit":10},{"id":"553193824046@s.whatsapp.net","limit":0},{"id":"5511952352190@s.whatsapp.net","limit":0},{"id":"558293508844@s.whatsapp.net","limit":4},{"id":"5511959226785@s.whatsapp.net","limit":0}]